﻿<?xml version='1.0' encoding='UTF-8'?>
<dd:deploy xmlns:dd="http://www.apache.org/ode/schemas/dd/2007/03"><dd:process xmlns:Interface="http://example.com/Benchmark/Interface" xmlns:dd="http://www.apache.org/ode/schemas/dd/2007/03" xmlns:diag="http://example.com/Benchmark" xmlns:tns="http://server.jubws.htwaalen.de/" xmlns:xs="http://www.w3.org/2001/XMLSchema" xmlns:enqueueBenchmarkParams="http://www.example.org/enqueueBenchmarkParams" xmlns:External_Services="http://example.com/Benchmark/External_Services" xmlns:this="http://example.com/Benchmark/enqueueBenchmark" xmlns:xsi="http://www.w3.org/2001/XMLSchema-instance" name="this:enqueueBenchmark" fileName="Benchmark-enqueueBenchmark.bpel">
  <dd:property name="PATH">Benchmark</dd:property>
  <dd:property name="SVG">Benchmark.svg</dd:property>
  <dd:invoke partnerLink="external_ServicesAndEnqueueBenchmarkForJUnitBenchmarkWebServiceImplPortPlkVar">
    <dd:service name="tns:JUnitBenchmarkWebServiceImplService" port="JUnitBenchmarkWebServiceImplPort"></dd:service>
  </dd:invoke>
  <dd:provide partnerLink="enqueueBenchmarkAndInterfacePlkVar">
    <dd:service name="this:CanonicServiceForInterface" port="canonicPort"></dd:service>
  </dd:provide>
</dd:process><dd:process xmlns:Interface="http://example.com/Benchmark/Interface" xmlns:dd="http://www.apache.org/ode/schemas/dd/2007/03" xmlns:diag="http://example.com/Benchmark" xmlns:junitservice="http://server.jubws.htwaalen.de/" xmlns:xs="http://www.w3.org/2001/XMLSchema" xmlns:External_Services="http://example.com/Benchmark/External_Services" xmlns:this="http://example.com/Benchmark/isDone" xmlns:xsi="http://www.w3.org/2001/XMLSchema-instance" name="this:isDone" fileName="Benchmark-isDone.bpel">
  <dd:property name="PATH">Benchmark</dd:property>
  <dd:property name="SVG">Benchmark.svg</dd:property>
  <dd:provide partnerLink="isDoneAndInterfacePlkVar">
    <dd:service name="this:CanonicServiceForInterface" port="canonicPort"></dd:service>
  </dd:provide>
  <dd:invoke partnerLink="isDoneAndExternal_ServicesForJUnitBenchmarkWebServiceImplPortPlkVar">
    <dd:service name="junitservice:JUnitBenchmarkWebServiceImplService" port="JUnitBenchmarkWebServiceImplPort"></dd:service>
  </dd:invoke>
</dd:process><dd:process xmlns:Interface="http://example.com/Benchmark/Interface" xmlns:dd="http://www.apache.org/ode/schemas/dd/2007/03" xmlns:diag="http://example.com/Benchmark" xmlns:junitservice="http://server.jubws.htwaalen.de/" xmlns:xs="http://www.w3.org/2001/XMLSchema" xmlns:External_Services="http://example.com/Benchmark/External_Services" xmlns:this="http://example.com/Benchmark/getResult" xmlns:xsi="http://www.w3.org/2001/XMLSchema-instance" name="this:getResult" fileName="Benchmark-getResult.bpel">
  <dd:property name="PATH">Benchmark</dd:property>
  <dd:property name="SVG">Benchmark.svg</dd:property>
  <dd:invoke partnerLink="external_ServicesAndGetResultForJUnitBenchmarkWebServiceImplPortPlkVar">
    <dd:service name="junitservice:JUnitBenchmarkWebServiceImplService" port="JUnitBenchmarkWebServiceImplPort"></dd:service>
  </dd:invoke>
  <dd:provide partnerLink="interfaceAndGetResultPlkVar">
    <dd:service name="this:CanonicServiceForInterface" port="canonicPort"></dd:service>
  </dd:provide>
</dd:process></dd:deploy>